#clustering method	cluster number	cluster color	gene count	protein name	protein identifier	protein description
MCL	1	Red	14	DLG2	9606.ENSP00000365272	Disks large homolog 2; Required for perception of chronic pain through NMDA receptor signaling. Regulates surface expression of NMDA receptors in dorsal horn neurons of the spinal cord. Interacts with the cytoplasmic tail of NMDA receptor subunits as well as inward rectifying potassium channels. Involved in regulation of synaptic stability at cholinergic synapses. Part of the postsynaptic protein scaffold of excitatory synapses (By similarity); Membrane associated guanylate kinases
MCL	1	Red	14	DLGAP1	9606.ENSP00000316377	Disks large-associated protein 1; Part of the postsynaptic scaffold in neuronal cells; Belongs to the SAPAP family
MCL	1	Red	14	GPHN	9606.ENSP00000417901	Gephyrin; Microtubule-associated protein involved in membrane protein-cytoskeleton interactions. It is thought to anchor the inhibitory glycine receptor (GLYR) to subsynaptic microtubules. Catalyzes two steps in the biosynthesis of the molybdenum cofactor. In the first step, molybdopterin is adenylated. Subsequently, molybdate is inserted into adenylated molybdopterin and AMP is released; In the C-terminal section; belongs to the MoeA family
MCL	1	Red	14	GRIA1	9606.ENSP00000428994	Glutamate receptor 1; Ionotropic glutamate receptor. L-glutamate acts as an excitatory neurotransmitter at many synapses in the central nervous system. Binding of the excitatory neurotransmitter L- glutamate induces a conformation change, leading to the opening of the cation channel, and thereby converts the chemical signal to an electrical impulse. The receptor then desensitizes rapidly and enters a transient inactive state, characterized by the presence of bound agonist. In the presence of CACNG4 or CACNG7 or CACNG8, shows resensitization which is characterized by a delayed accumulat [...] 
MCL	1	Red	14	GRID1	9606.ENSP00000330148	Glutamate receptor ionotropic, delta-1; Receptor for glutamate. L-glutamate acts as an excitatory neurotransmitter at many synapses in the central nervous system. The postsynaptic actions of Glu are mediated by a variety of receptors that are named according to their selective agonists; Belongs to the glutamate-gated ion channel (TC 1.A.10.1) family. GRID1 subfamily
MCL	1	Red	14	GRIK2	9606.ENSP00000397026	Glutamate receptor ionotropic, kainate 2; Ionotropic glutamate receptor. L-glutamate acts as an excitatory neurotransmitter at many synapses in the central nervous system. Binding of the excitatory neurotransmitter L- glutamate induces a conformation change, leading to the opening of the cation channel, and thereby converts the chemical signal to an electrical impulse. The receptor then desensitizes rapidly and enters a transient inactive state, characterized by the presence of bound agonist. May be involved in the transmission of light information from the retina to the hypothalamus.  [...] 
MCL	1	Red	14	GRIK5	9606.ENSP00000262895	Glutamate receptor ionotropic, kainate 5; Receptor for glutamate. L-glutamate acts as an excitatory neurotransmitter at many synapses in the central nervous system. The postsynaptic actions of Glu are mediated by a variety of receptors that are named according to their selective agonists. This receptor binds kainate > quisqualate > domoate > L- glutamate >> AMPA >> NMDA = 1S,3R-ACPD; Belongs to the glutamate-gated ion channel (TC 1.A.10.1) family. GRIK5 subfamily
MCL	1	Red	14	GRIN1	9606.ENSP00000360608	Glutamate receptor ionotropic, NMDA 1; Component of NMDA receptor complexes that function as heterotetrameric, ligand-gated ion channels with high calcium permeability and voltage-dependent sensitivity to magnesium. Channel activation requires binding of the neurotransmitter glutamate to the epsilon subunit, glycine binding to the zeta subunit, plus membrane depolarization to eliminate channel inhibition by Mg(2+). Sensitivity to glutamate and channel kinetics depend on the subunit composition; Belongs to the glutamate-gated ion channel (TC 1.A.10.1) family. NR1/GRIN1 subfamily
MCL	1	Red	14	GRIN2A	9606.ENSP00000379818	Glutamate receptor ionotropic, NMDA 2A; Component of NMDA receptor complexes that function as heterotetrameric, ligand-gated ion channels with high calcium permeability and voltage-dependent sensitivity to magnesium. Channel activation requires binding of the neurotransmitter glutamate to the epsilon subunit, glycine binding to the zeta subunit, plus membrane depolarization to eliminate channel inhibition by Mg(2+). Sensitivity to glutamate and channel kinetics depend on the subunit composition; channels containing GRIN1 and GRIN2A have higher sensitivity to glutamate and faster kineti [...] 
MCL	1	Red	14	GRIP1	9606.ENSP00000381098	Glutamate receptor-interacting protein 1; May play a role as a localized scaffold for the assembly of a multiprotein signaling complex and as mediator of the trafficking of its binding partners at specific subcellular location in neurons. Through complex formation with NSG1, GRIA2 and STX12 controls the intracellular fate of AMPAR and the endosomal sorting of the GRIA2 subunit toward recycling and membrane targeting (By similarity); PDZ domain containing
MCL	1	Red	14	RBFOX1	9606.ENSP00000309117	RNA binding protein fox-1 homolog 1; RNA-binding protein that regulates alternative splicing events by binding to 5'-UGCAUGU-3' elements. Regulates alternative splicing of tissue-specific exons and of differentially spliced exons during erythropoiesis
MCL	1	Red	14	SHANK1	9606.ENSP00000293441	SH3 and multiple ankyrin repeat domains protein 1; Seems to be an adapter protein in the postsynaptic density (PSD) of excitatory synapses that interconnects receptors of the postsynaptic membrane including NMDA-type and metabotropic glutamate receptors via complexes with GKAP/PSD-95 and Homer, respectively, and the actin-based cytoskeleton. Plays a role in the structural and functional organization of the dendritic spine and synaptic junction; Ankyrin repeat domain containing
MCL	1	Red	14	SLC12A5	9606.ENSP00000387694	Solute carrier family 12 member 5; Mediates electroneutral potassium-chloride cotransport in mature neurons and is required for neuronal Cl(-) homeostasis. As major extruder of intracellular chloride, it establishes the low neuronal Cl(-) levels required for chloride influx after binding of GABA-A and glycine to their receptors, with subsequent hyperpolarization and neuronal inhibition (By similarity). Involved in the regulation of dendritic spine formation and maturation; Solute carriers
MCL	1	Red	14	SLITRK5	9606.ENSP00000366283	SLIT and NTRK-like protein 5; Suppresses neurite outgrowth; Belongs to the SLITRK family
MCL	2	Salmon 2	9	EP400	9606.ENSP00000374213	E1A-binding protein p400; Component of the NuA4 histone acetyltransferase complex which is involved in transcriptional activation of select genes principally by acetylation of nucleosomal histones H4 and H2A. This modification may both alter nucleosome - DNA interactions and promote interaction of the modified histones with other proteins which positively regulate transcription. May be required for transcriptional activation of E2F1 and MYC target genes during cellular proliferation. The NuA4 complex ATPase and helicase activities seem to be, at least in part, contributed by the associ [...] 
MCL	2	Salmon 2	9	JARID2	9606.ENSP00000341280	Protein Jumonji; Regulator of histone methyltransferase complexes that plays an essential role in embryonic development, including heart and liver development, neural tube fusion process and hematopoiesis. Acts by modulating histone methyltransferase activity and promoting the recruitment of histone methyltransferase complexes to their target genes. Binds DNA and mediates the recruitment of the PRC2 complex to target genes in embryonic stem cells. Does not have histone demethylase activity but regulates activity of various histone methyltransferase complexes. In embryonic stem cells, i [...] 
MCL	2	Salmon 2	9	JMJD2C	9606.ENSP00000370710	Lysine-specific demethylase 4C; Histone demethylase that specifically demethylates 'Lys- 9' and 'Lys-36' residues of histone H3, thereby playing a central role in histone code. Does not demethylate histone H3 'Lys-4', H3 'Lys-27' nor H4 'Lys-20'. Demethylates trimethylated H3 'Lys-9' and H3 'Lys-36' residue, while it has no activity on mono- and dimethylated residues. Demethylation of Lys residue generates formaldehyde and succinate
MCL	2	Salmon 2	9	KDM5C	9606.ENSP00000364550	Lysine-specific demethylase 5C; Histone demethylase that specifically demethylates 'Lys- 4' of histone H3, thereby playing a central role in histone code. Does not demethylate histone H3 'Lys-9', H3 'Lys-27', H3 'Lys-36', H3 'Lys-79' or H4 'Lys-20'. Demethylates trimethylated and dimethylated but not monomethylated H3 'Lys-4'. Participates in transcriptional repression of neuronal genes by recruiting histone deacetylases and REST at neuron-restrictive silencer elements. Represses the CLOCK-ARNTL/BMAL1 heterodimer- mediated transcriptional activation of the core clock component PER2 (By [...] 
MCL	2	Salmon 2	9	KDM6A	9606.ENSP00000367203	Lysine-specific demethylase 6A; Histone demethylase that specifically demethylates 'Lys- 27' of histone H3, thereby playing a central role in histone code. Demethylates trimethylated and dimethylated but not monomethylated H3 'Lys-27'. Plays a central role in regulation of posterior development, by regulating HOX gene expression. Demethylation of 'Lys-27' of histone H3 is concomitant with methylation of 'Lys-4' of histone H3, and regulates the recruitment of the PRC1 complex and monoubiquitination of histone H2A. Plays a demethylase-independent role in chromatin remodeling to regulate  [...] 
MCL	2	Salmon 2	9	PHB	9606.ENSP00000479488	Prohibitin; Prohibitin inhibits DNA synthesis. It has a role in regulating proliferation. As yet it is unclear if the protein or the mRNA exhibits this effect. May play a role in regulating mitochondrial respiration activity and in aging
MCL	2	Salmon 2	9	SMARCA4	9606.ENSP00000395654	Transcription activator BRG1; Involved in transcriptional activation and repression of select genes by chromatin remodeling (alteration of DNA-nucleosome topology). Component of SWI/SNF chromatin remodeling complexes that carry out key enzymatic activities, changing chromatin structure by altering DNA-histone contacts within a nucleosome in an ATP-dependent manner. Component of the CREST-BRG1 complex, a multiprotein complex that regulates promoter activation by orchestrating a calcium-dependent release of a repressor complex and a recruitment of an activator complex. In resting neurons [...] 
MCL	2	Salmon 2	9	TET2	9606.ENSP00000442788	Methylcytosine dioxygenase TET2; Dioxygenase that catalyzes the conversion of the modified genomic base 5-methylcytosine (5mC) into 5- hydroxymethylcytosine (5hmC) and plays a key role in active DNA demethylation. Has a preference for 5-hydroxymethylcytosine in CpG motifs. Also mediates subsequent conversion of 5hmC into 5- formylcytosine (5fC), and conversion of 5fC to 5-carboxylcytosine (5caC). Conversion of 5mC into 5hmC, 5fC and 5caC probably constitutes the first step in cytosine demethylation. Methylation at the C5 position of cytosine bases is an epigenetic modification of the m [...] 
MCL	2	Salmon 2	9	ZMIZ1	9606.ENSP00000334474	Zinc finger MIZ domain-containing protein 1; Acts as transcriptional coactivator. Increases ligand- dependent transcriptional activity of AR and promotes AR sumoylation. The stimulation of AR activity is dependent upon sumoylation. Involved in transcriptional activation of a subset of NOTCH1 target genes including MYC. Involved in thymocyte and T cell development (By similarity); Zinc fingers MIZ-type
MCL	3	Fire Brick	6	AGO1	9606.ENSP00000362300	Protein argonaute-1; Required for RNA-mediated gene silencing (RNAi). Binds to short RNAs such as microRNAs (miRNAs) or short interfering RNAs (siRNAs), and represses the translation of mRNAs which are complementary to them. Lacks endonuclease activity and does not appear to cleave target mRNAs. Also required for transcriptional gene silencing (TGS) of promoter regions which are complementary to bound short antigene RNAs (agRNAs); Argonaute/PIWI family
MCL	3	Fire Brick	6	AGO4	9606.ENSP00000362306	Protein argonaute-4; Required for RNA-mediated gene silencing (RNAi). Binds to short RNAs such as microRNAs (miRNAs) and represses the translation of mRNAs which are complementary to them. Lacks endonuclease activity and does not appear to cleave target mRNAs. Also required for RNA-directed transcription and replication of the human hapatitis delta virus (HDV); Belongs to the argonaute family. Ago subfamily
MCL	3	Fire Brick	6	BTAF1	9606.ENSP00000265990	TATA-binding protein-associated factor 172; Regulates transcription in association with TATA binding protein (TBP). Removes TBP from the TATA box in an ATP-dependent manner; Belongs to the SNF2/RAD54 helicase family
MCL	3	Fire Brick	6	KAT2B	9606.ENSP00000263754	Histone acetyltransferase KAT2B; Functions as a histone acetyltransferase (HAT) to promote transcriptional activation. Has significant histone acetyltransferase activity with core histones (H3 and H4), and also with nucleosome core particles. Also acetylates non-histone proteins, such as ACLY. Inhibits cell-cycle progression and counteracts the mitogenic activity of the adenoviral oncoprotein E1A. In case of HIV-1 infection, it is recruited by the viral protein Tat. Regulates Tat's transactivating activity and may help inducing chromatin remodeling of proviral genes. Acts as a circadia [...] 
MCL	3	Fire Brick	6	KAT6A	9606.ENSP00000380136	Histone acetyltransferase KAT6A; Histone acetyltransferase that acetylates lysine residues in histone H3 and histone H4 (in vitro). Component of the MOZ/MORF complex which has a histone H3 acetyltransferase activity. May act as a transcriptional coactivator for RUNX1 and RUNX2. Acetylates p53/TP53 at 'Lys-120' and 'Lys-382' and controls its transcriptional activity via association with PML; MYST type domain containing lysine acetyltransferases
MCL	3	Fire Brick	6	TNRC6B	9606.ENSP00000401946	Trinucleotide repeat-containing gene 6B protein; Plays a role in RNA-mediated gene silencing by both micro-RNAs (miRNAs) and short interfering RNAs (siRNAs). Required for miRNA-dependent translational repression and siRNA-dependent endonucleolytic cleavage of complementary mRNAs by argonaute family proteins. As scaffoldng protein associates with argonaute proteins bound to partially complementary mRNAs and simultaneously can recruit CCR4-NOT and PAN deadenylase complexes; Armadillo-like helical domain containing
MCL	4	Salmon	5	DCC	9606.ENSP00000389140	Netrin receptor DCC; Receptor for netrin required for axon guidance. Mediates axon attraction of neuronal growth cones in the developing nervous system upon ligand binding. Its association with UNC5 proteins may trigger signaling for axon repulsion. It also acts as a dependence receptor required for apoptosis induction when not associated with netrin ligand. Implicated as a tumor suppressor gene; Fibronectin type III domain containing
MCL	4	Salmon	5	PLXNA4	9606.ENSP00000352882	Plexin-A4; Coreceptor for SEMA3A. Necessary for signaling by class 3 semaphorins and subsequent remodeling of the cytoskeleton. Plays a role in axon guidance in the developing nervous system. Class 3 semaphorins bind to a complex composed of a neuropilin and a plexin. The plexin modulates the affinity of the complex for specific semaphorins, and its cytoplasmic domain is required for the activation of down-stream signaling events in the cytoplasm (By similarity)
MCL	4	Salmon	5	PLXNB1	9606.ENSP00000351338	Plexin-B1; Receptor for SEMA4D. Plays a role in RHOA activation and subsequent changes of the actin cytoskeleton. Plays a role in axon guidance, invasive growth and cell migration; Belongs to the plexin family
MCL	4	Salmon	5	ROBO2	9606.ENSP00000417335	Roundabout homolog 2; Receptor for SLIT2, and probably SLIT1, which are thought to act as molecular guidance cue in cellular migration, including axonal navigation at the ventral midline of the neural tube and projection of axons to different regions during neuronal development; Belongs to the immunoglobulin superfamily. ROBO family
MCL	4	Salmon	5	SEMA5A	9606.ENSP00000371936	Semaphorin-5A; Bifunctional axonal guidance cue regulated by sulfated proteoglycans; attractive effects result from interactions with heparan sulfate proteoglycans (HSPGs), while the inhibitory effects depend on interactions with chondroitin sulfate proteoglycans (CSPGs) (By similarity). Ligand for receptor PLXNB3. In glioma cells, SEMA5A stimulation of PLXNB3 results in the disassembly of F-actin stress fibers, disruption of focal adhesions and cellular collapse as well as inhibition of cell migration and invasion through ARHGDIA-mediated inactivation of RAC1. May promote angiogenesis [...] 
MCL	5	Fire Brick 2	5	DENR	9606.ENSP00000280557	Density-regulated protein; May be involved in the translation of target mRNAs by scanning and recognition of the initiation codon. Involved in translation initiation; promotes recruitmnet of aminoacetyled initiator tRNA to P site of 40S ribosomes. Can promote release of deacylated tRNA and mRNA from recycled 40S subunits following ABCE1-mediated dissociation of post-termination ribosomal complexes into subunits. Plays a role in the modulation of the translational profile of a subset of cancer-related mRNAs when recruited to the translational initiation complex by the oncogene MCTS1
MCL	5	Fire Brick 2	5	HMGN1	9606.ENSP00000370125	Non-histone chromosomal protein HMG-14; Binds to the inner side of the nucleosomal DNA thus altering the interaction between the DNA and the histone octamer. May be involved in the process which maintains transcribable genes in a unique chromatin conformation. Inhibits the phosphorylation of nucleosomal histones H3 and H2A by RPS6KA5/MSK1 and RPS6KA3/RSK2 (By similarity); Belongs to the HMGN family
MCL	5	Fire Brick 2	5	USP15	9606.ENSP00000280377	Ubiquitin carboxyl-terminal hydrolase 15; Hydrolase that removes conjugated ubiquitin from target proteins and regulates various pathways such as the TGF-beta receptor signaling, NF-kappa-B and RNF41/NRDP1-PRKN pathways. Acts as a key regulator of TGF-beta receptor signaling pathway, but the precise mechanism is still unclear: according to a report, acts by promoting deubiquitination of monoubiquitinated R-SMADs (SMAD1, SMAD2 and/or SMAD3), thereby alleviating inhibition of R-SMADs and promoting activation of TGF- beta target genes. According to another reports, regulates the TGF-beta  [...] 
MCL	5	Fire Brick 2	5	USP45	9606.ENSP00000333376	Ubiquitin specific peptidase 45
MCL	5	Fire Brick 2	5	USP7	9606.ENSP00000343535	Ubiquitin carboxyl-terminal hydrolase 7; Hydrolase that deubiquitinates target proteins such as FOXO4, p53/TP53, MDM2, ERCC6, DNMT1, UHRF1, PTEN and DAXX. Together with DAXX, prevents MDM2 self-ubiquitination and enhances the E3 ligase activity of MDM2 towards p53/TP53, thereby promoting p53/TP53 ubiquitination and proteasomal degradation. Deubiquitinates p53/TP53, preventing degradation of p53/TP53, and enhances p53/TP53- dependent transcription regulation, cell growth repression and apoptosis. Deubiquitinates p53/TP53 and MDM2 and strongly stabilizes p53/TP53 even in the presence of  [...] 
MCL	6	Brown	4	CUL7	9606.ENSP00000438788	Cullin-7; Core component of the 3M and Cul7-RING(FBXW8) complexes, which mediates the ubiquitination of target proteins. Core component of the 3M complex, a complex required to regulate microtubule dynamics and genome integrity. It is unclear how the 3M complex regulates microtubules, it could act by controlling the level of a microtubule stabilizer. Interaction with CUL9 is required to inhibit CUL9 activity and ubiquitination of BIRC5. Core component of a Cul7-RING ubiquitin-protein ligase with FBXW8, which mediates ubiquitination and consequent degradation of target proteins such as  [...] 
MCL	6	Brown	4	HECW2	9606.ENSP00000260983	E3 ubiquitin-protein ligase HECW2; E3 ubiquitin-protein ligase that mediates ubiquitination of TP73. Acts to stabilize TP73 and enhance activation of transcription by TP73. Involved in the regulation of mitotic metaphase/anaphase transition; C2 domain containing
MCL	6	Brown	4	PARK2	9606.ENSP00000355865	E3 ubiquitin-protein ligase parkin; Functions within a multiprotein E3 ubiquitin ligase complex, catalyzing the covalent attachment of ubiquitin moieties onto substrate proteins, such as BCL2, SYT11, CCNE1, GPR37, RHOT1/MIRO1, MFN1, MFN2, STUB1, SNCAIP, SEPT5, TOMM20, USP30, ZNF746 and AIMP2. Mediates monoubiquitination as well as 'Lys-6', 'Lys-11', 'Lys-48'-linked and 'Lys-63'-linked polyubiquitination of substrates depending on the context. Participates in the removal and/or detoxification of abnormally folded or damaged protein by mediating 'Lys-63'-linked polyubiquitination of misf [...] 
MCL	6	Brown	4	UBE3C	9606.ENSP00000309198	Ubiquitin-protein ligase E3C; E3 ubiquitin-protein ligase that accepts ubiquitin from the E2 ubiquitin-conjugating enzyme UBE2D1 in the form of a thioester and then directly transfers the ubiquitin to targeted substrates. Can assemble unanchored poly-ubiquitin chains in either 'Lys-29'- or 'Lys-48'-linked polyubiquitin chains. Has preference for 'Lys-48' linkages. It can target itself for ubiquitination in vitro and may promote its own degradation in vivo
MCL	7	Sienna	4	AKAP9	9606.ENSP00000348573	A-kinase anchor protein 9; Scaffolding protein that assembles several protein kinases and phosphatases on the centrosome and Golgi apparatus. Required to maintain the integrity of the Golgi apparatus. Recruited to the Golgi apparatus by GM130/GOLGA2 and is required for microtubule nucleation at the cis-side of the Golgi apparatus. Required for association of the centrosomes with the poles of the bipolar mitotic spindle during metaphase. Forms a complex with PDE4DIP: the complex recruits CAMSAP2 to the Golgi apparatus, leading to tether non-centrosomal minus-end microtubules to the Golg [...] 
MCL	7	Sienna	4	CEP41	9606.ENSP00000223208	Centrosomal protein of 41 kDa; Required during ciliogenesis for tubulin glutamylation in cilium. Probably acts by participating in the transport of TTLL6, a tubulin polyglutamylase, between the basal body and the cilium; Belongs to the CEP41 family
MCL	7	Sienna	4	CLASP1	9606.ENSP00000263710	CLIP-associating protein 1; Microtubule plus-end tracking protein that promotes the stabilization of dynamic microtubules. Involved in the nucleation of noncentrosomal microtubules originating from the trans-Golgi network (TGN). Required for the polarization of the cytoplasmic microtubule arrays in migrating cells towards the leading edge of the cell. May act at the cell cortex to enhance the frequency of rescue of depolymerizing microtubules by attaching their plus-ends to cortical platforms composed of ERC1 and PHLDB2. This cortical microtubule stabilizing activity is regulated at le [...] 
MCL	7	Sienna	4	NINL	9606.ENSP00000278886	Ninein-like protein; Involved in the microtubule organization in interphase cells. Overexpression induces the fragmentation of the Golgi, and causes lysosomes to disperse toward the cell periphery; it also interferes with mitotic spindle assembly. May play a role in ovarian carcinogenesis; EF-hand domain containing
MCL	8	Sandy Brown	4	ASTN2	9606.ENSP00000354504	Astrotactin-2; Mediates recycling of the neuronal cell adhesion molecule ASTN1 to the anterior pole of the cell membrane in migrating neurons. Promotes ASTN1 internalization and intracellular transport of endocytosed ASTN1 (By similarity). Selectively binds inositol-4,5-bisphosphate, inositol-3,4,5- trisphosphate and inositol-1,3,4,5-tetrakisphosphate, suggesting it is recruited to membranes that contain lipids with a phosphoinositide headgroup (Ref.6); Fibronectin type III domain containing
MCL	8	Sandy Brown	4	DPP10	9606.ENSP00000376855	Inactive dipeptidyl peptidase 10; Promotes cell surface expression of the potassium channel KCND2. Modulates the activity and gating characteristics of the potassium channel KCND2. Has no dipeptidyl aminopeptidase activity; DASH family
MCL	8	Sandy Brown	4	NLGN1	9606.ENSP00000392500	Neuroligin-1; Cell surface protein involved in cell-cell-interactions via its interactions with neurexin family members. Plays a role in synapse function and synaptic signal transmission, and probably mediates its effects by recruiting and clustering other synaptic proteins. May promote the initial formation of synapses, but is not essential for this. In vitro, triggers the de novo formation of presynaptic structures. May be involved in specification of excitatory synapses. Required to maintain wakefulness quality and normal synchrony of cerebral cortex activity during wakefulness and  [...] 
MCL	8	Sandy Brown	4	NLGN4X	9606.ENSP00000370485	Neuroligin-4, X-linked; Putative neuronal cell surface protein involved in cell- cell-interactions; Belongs to the type-B carboxylesterase/lipase family
MCL	9	Dark Golden Rod	4	CACNA1D	9606.ENSP00000288139	Voltage-dependent L-type calcium channel subunit alpha-1D; Voltage-sensitive calcium channels (VSCC) mediate the entry of calcium ions into excitable cells and are also involved in a variety of calcium-dependent processes, including muscle contraction, hormone or neurotransmitter release, gene expression, cell motility, cell division and cell death. The isoform alpha-1D gives rise to L-type calcium currents. Long-lasting (L-type) calcium channels belong to the 'high-voltage activated' (HVA) group. They are blocked by dihydropyridines (DHP), phenylalkylamines, benzothiazepines, and by o [...] 
MCL	9	Dark Golden Rod	4	CACNA1H	9606.ENSP00000334198	Voltage-dependent T-type calcium channel subunit alpha-1H; Voltage-sensitive calcium channels (VSCC) mediate the entry of calcium ions into excitable cells and are also involved in a variety of calcium-dependent processes, including muscle contraction, hormone or neurotransmitter release, gene expression, cell motility, cell division and cell death. The isoform alpha-1H gives rise to T-type calcium currents. T-type calcium channels belong to the "low-voltage activated (LVA)" group and are strongly blocked by nickel and mibefradil. A particularity of this type of channels is an opening  [...] 
MCL	9	Dark Golden Rod	4	CACNB2	9606.ENSP00000320025	Voltage-dependent L-type calcium channel subunit beta-2; The beta subunit of voltage-dependent calcium channels contributes to the function of the calcium channel by increasing peak calcium current, shifting the voltage dependencies of activation and inactivation, modulating G protein inhibition and controlling the alpha-1 subunit membrane targeting
MCL	9	Dark Golden Rod	4	UNC79	9606.ENSP00000256339	Protein unc-79 homolog; Component of the NALCN sodium channel complex, a cation channel activated either by neuropeptides substance P or neurotensin that controls neuronal excitability; Belongs to the unc-79 family
MCL	10	Sandy Brown 2	4	CHRNA7	9606.ENSP00000407546	Neuronal acetylcholine receptor subunit alpha-7; After binding acetylcholine, the AChR responds by an extensive change in conformation that affects all subunits and leads to opening of an ion-conducting channel across the plasma membrane. The channel is blocked by alpha-bungarotoxin; Cholinergic receptors nicotinic subunits
MCL	10	Sandy Brown 2	4	ELP4	9606.ENSP00000379267	Elongator complex protein 4; Acts as subunit of the RNA polymerase II elongator complex, which is a histone acetyltransferase component of the RNA polymerase II (Pol II) holoenzyme and is involved in transcriptional elongation. Elongator may play a role in chromatin remodeling and is involved in acetylation of histones H3 and probably H4
MCL	10	Sandy Brown 2	4	OTUD7A	9606.ENSP00000305926	OTU domain-containing protein 7A; Has deubiquitinating activity towards 'Lys-11'-linked polyubiquitin chains; Belongs to the peptidase C64 family
MCL	10	Sandy Brown 2	4	TRPM1	9606.ENSP00000437849	Transient receptor potential cation channel subfamily M member 1; Cation channel essential for the depolarizing photoresponse of retinal ON bipolar cells. It is part of the GRM6 signaling cascade. May play a role in metastasis suppression (By similarity). May act as a spontaneously active, calcium-permeable plasma membrane channel; Belongs to the transient receptor (TC 1.A.4) family. LTrpC subfamily. TRPM1 sub-subfamily
MCL	11	Light Green 4	4	ADA	9606.ENSP00000361965	Adenosine deaminase; Catalyzes the hydrolytic deamination of adenosine and 2- deoxyadenosine. Plays an important role in purine metabolism and in adenosine homeostasis. Modulates signaling by extracellular adenosine, and so contributes indirectly to cellular signaling events. Acts as a positive regulator of T-cell coactivation, by binding DPP4. Its interaction with DPP4 regulates lymphocyte- epithelial cell adhesion. Enhances dendritic cell immunogenicity by affecting dendritic cell costimulatory molecule expression and cytokines and chemokines secretion (By similarity). Enhances CD4+  [...] 
MCL	11	Light Green 4	4	AMPD1	9606.ENSP00000430075	AMP deaminase 1; AMP deaminase plays a critical role in energy metabolism; Belongs to the metallo-dependent hydrolases superfamily. Adenosine and AMP deaminases family
MCL	11	Light Green 4	4	CCNG1	9606.ENSP00000344635	Cyclin-G1; May play a role in growth regulation. Is associated with G2/M phase arrest in response to DNA damage. May be an intermediate by which p53 mediates its role as an inhibitor of cellular proliferation (By similarity); Cyclins
MCL	11	Light Green 4	4	SRSF11	9606.ENSP00000359988	Serine/arginine-rich splicing factor 11; May function in pre-mRNA splicing; RNA binding motif containing
MCL	12	Light Green 6	3	CCT4	9606.ENSP00000377958	T-complex protein 1 subunit delta; Molecular chaperone; assists the folding of proteins upon ATP hydrolysis. As part of the BBS/CCT complex may play a role in the assembly of BBSome, a complex involved in ciliogenesis regulating transports vesicles to the cilia. Known to play a role, in vitro, in the folding of actin and tubulin; Chaperonins
MCL	12	Light Green 6	3	LEO1	9606.ENSP00000299601	RNA polymerase-associated protein LEO1; Component of the PAF1 complex (PAF1C) which has multiple functions during transcription by RNA polymerase II and is implicated in regulation of development and maintenance of embryonic stem cell pluripotency. PAF1C associates with RNA polymerase II through interaction with POLR2A CTD non- phosphorylated and 'Ser-2'- and 'Ser-5'-phosphorylated forms and is involved in transcriptional elongation, acting both indepentently and synergistically with TCEA1 and in cooperation with the DSIF complex and HTATSF1. PAF1C is required for transcription of Hox  [...] 
MCL	12	Light Green 6	3	SUPT16H	9606.ENSP00000216297	FACT complex subunit SPT16; Component of the FACT complex, a general chromatin factor that acts to reorganize nucleosomes. The FACT complex is involved in multiple processes that require DNA as a template such as mRNA elongation, DNA replication and DNA repair. During transcription elongation the FACT complex acts as a histone chaperone that both destabilizes and restores nucleosomal structure. It facilitates the passage of RNA polymerase II and transcription by promoting the dissociation of one histone H2A-H2B dimer from the nucleosome, then subsequently promotes the reestablishment o [...] 
MCL	13	Light Green 3	3	AGAP2	9606.ENSP00000449241	Arf-GAP with GTPase, ANK repeat and PH domain-containing protein 2; GTPase-activating protein (GAP) for ARF1 and ARF5, which also shows strong GTPase activity. Isoform 1 participates in the prevention of neuronal apoptosis by enhancing PI3 kinase activity. It aids the coupling of metabotropic glutamate receptor 1 (GRM1) to cytoplasmic PI3 kinase by interacting with Homer scaffolding proteins, and also seems to mediate anti-apoptotic effects of NGF by activating nuclear PI3 kinase. Isoform 2 does not stimulate PI3 kinase but may protect cells from apoptosis by stimulating Akt. It also r [...] 
MCL	13	Light Green 3	3	SET	9606.ENSP00000361777	Protein SET; Multitasking protein, involved in apoptosis, transcription, nucleosome assembly and histone chaperoning. Isoform 2 anti-apoptotic activity is mediated by inhibition of the GZMA-activated DNase, NME1. In the course of cytotoxic T- lymphocyte (CTL)-induced apoptosis, GZMA cleaves SET, disrupting its binding to NME1 and releasing NME1 inhibition. Isoform 1 and isoform 2 are potent inhibitors of protein phosphatase 2A. Isoform 1 and isoform 2 inhibit EP300/CREBBP and PCAF-mediated acetylation of histones (HAT) and nucleosomes, most probably by masking the accessibility of lysi [...] 
MCL	13	Light Green 3	3	UBR5	9606.ENSP00000429084	E3 ubiquitin-protein ligase UBR5; E3 ubiquitin-protein ligase which is a component of the N-end rule pathway. Recognizes and binds to proteins bearing specific N-terminal residues that are destabilizing according to the N-end rule, leading to their ubiquitination and subsequent degradation (By similarity). Involved in maturation and/or transcriptional regulation of mRNA by activating CDK9 by polyubiquitination. May play a role in control of cell cycle progression. May have tumor suppressor function. Regulates DNA topoisomerase II binding protein (TopBP1) in the DNA damage response. Pla [...] 
MCL	14	Light Green	3	C11orf30	9606.ENSP00000433205	BRCA2-interacting transcriptional repressor EMSY; Regulator which is able to repress transcription, possibly via its interaction with a multiprotein chromatin remodeling complex that modifies the chromatin. Its interaction with BRCA2 suggests that it may play a central role in the DNA repair function of BRCA2. As part of a histone H3-specific methyltransferase complex may mediate ligand-dependent transcriptional activation by nuclear hormone receptors
MCL	14	Light Green	3	DIP2C	9606.ENSP00000280886	Disco interacting protein 2 homolog C
MCL	14	Light Green	3	ZMYND11	9606.ENSP00000381053	Zinc finger MYND domain-containing protein 11; Chromatin reader that specifically recognizes and binds histone H3.3 trimethylated at 'Lys-36' (H3.3K36me3) and regulates RNA polymerase II elongation. Does not bind other histone H3 subtypes (H3.1 or H3.2) (By similarity). Colocalizes with highly expressed genes and functions as a transcription corepressor by modulating RNA polymerase II at the elongation stage. Binds non- specifically to dsDNA. Acts as a tumor- suppressor by repressing a transcriptional program essential for tumor cell growth; Bromodomain containing
MCL	15	Green	3	FBN1	9606.ENSP00000325527	Fibrillin-1; Fibrillin-1: Structural component of the 10-12 nm diameter microfibrils of the extracellular matrix, which conveys both structural and regulatory properties to load-bearing connective tissues. Fibrillin-1- containing microfibrils provide long-term force bearing structural support. In tissues such as the lung, blood vessels and skin, microfibrils form the periphery of the elastic fiber, acting as a scaffold for the deposition of elastin. In addition, microfibrils can occur as elastin-independent networks in tissues such as the ciliary zonule, tendon, cornea and glomerulus w [...] 
MCL	15	Green	3	LAMB1	9606.ENSP00000222399	Laminin subunit beta-1; Binding to cells via a high affinity receptor, laminin is thought to mediate the attachment, migration and organization of cells into tissues during embryonic development by interacting with other extracellular matrix components. Involved in the organization of the laminar architecture of cerebral cortex. It is probably required for the integrity of the basement membrane/glia limitans that serves as an anchor point for the endfeet of radial glial cells and as a physical barrier to migrating neurons. Radial glial cells play a central role in cerebral cortical dev [...] 
MCL	15	Green	3	SPARCL1	9606.ENSP00000414856	SPARC-like protein 1; SPARC family
MCL	16	Light Green 2	3	ADCY3	9606.ENSP00000260600	Adenylate cyclase type 3; Catalyzes the formation of the signaling molecule cAMP in response to G-protein signaling. Participates in signaling cascades triggered by odorant receptors via its function in cAMP biosynthesis. Required for the perception of odorants. Required for normal sperm motility and normal male fertility. Plays a role in regulating insulin levels and body fat accumulation in response to a high fat diet; Adenylate cyclases
MCL	16	Light Green 2	3	CNR1	9606.ENSP00000358513	Cannabinoid receptor 1; G-protein coupled receptor for endogenous cannabinoids (eCBs), including N-arachidonoylethanolamide (also called anandamide or AEA) and 2-arachidonoylglycerol (2-AG), as well as phytocannabinoids, such as delta(9)-tetrahydrocannabinol (THC). Mediates many cannabinoid-induced effects, acting, among others, on food intake, memory loss, gastrointestinal motility, catalepsy, ambulatory activity, anxiety, chronic pain. Signaling typically involves reduction in cyclic AMP. In the hypothalamus, may have a dual effect on mitochondrial respiration depending upon the agon [...] 
MCL	16	Light Green 2	3	SLC7A3	9606.ENSP00000363417	Cationic amino acid transporter 3; Mediates the uptake of the cationic amino acids arginine, lysine and ornithine in a sodium-independent manner; Belongs to the amino acid-polyamine-organocation (APC) superfamily. Cationic amino acid transporter (CAT) (TC 2.A.3.3) family
MCL	17	Light Green 5	3	DISC1	9606.ENSP00000355593	Disrupted in schizophrenia 1 protein; Involved in the regulation of multiple aspects of embryonic and adult neurogenesis. Required for neural progenitor proliferation in the ventrical/subventrical zone during embryonic brain development and in the adult dentate gyrus of the hippocampus. Participates in the Wnt-mediated neural progenitor proliferation as a positive regulator by modulating GSK3B activity and CTNNB1 abundance. Plays a role as a modulator of the AKT-mTOR signaling pathway controlling the tempo of the process of newborn neurons integration during adult neurogenesis, includi [...] 
MCL	17	Light Green 5	3	POX2	9606.ENSP00000349577	Proline dehydrogenase; Converts proline to delta-1-pyrroline-5-carboxylate; Belongs to the proline oxidase family
MCL	17	Light Green 5	3	ZNF804A	9606.ENSP00000303252	Zinc finger protein 804A
MCL	18	Medium Aqua Marine	3	ANXA1	9606.ENSP00000366109	Annexin A1; Plays important roles in the innate immune response as effector of glucocorticoid-mediated responses and regulator of the inflammatory process. Has anti-inflammatory activity. Plays a role in glucocorticoid-mediated down- regulation of the early phase of the inflammatory response (By similarity). Promotes resolution of inflammation and wound healing. Functions at least in part by activating the formyl peptide receptors and downstream signaling cascades. Promotes chemotaxis of granulocytes and monocytes via activation of the formyl peptide receptors. Contributes to the adapt [...] 
MCL	18	Medium Aqua Marine	3	AVPR1A	9606.ENSP00000299178	Vasopressin V1a receptor; Receptor for arginine vasopressin. The activity of this receptor is mediated by G proteins which activate a phosphatidyl- inositol-calcium second messenger system. Has been involved in social behaviors, including affiliation and attachment
MCL	18	Medium Aqua Marine	3	OXTR	9606.ENSP00000324270	Oxytocin receptor; Receptor for oxytocin. The activity of this receptor is mediated by G proteins which activate a phosphatidylinositol- calcium second messenger system; Arginine vasopressin and oxytocin receptors
MCL	19	Aquamarine 6	3	MTOR	9606.ENSP00000354558	Serine/threonine-protein kinase mTOR; Serine/threonine protein kinase which is a central regulator of cellular metabolism, growth and survival in response to hormones, growth factors, nutrients, energy and stress signals. MTOR directly or indirectly regulates the phosphorylation of at least 800 proteins. Functions as part of 2 structurally and functionally distinct signaling complexes mTORC1 and mTORC2 (mTOR complex 1 and 2). Activated mTORC1 up-regulates protein synthesis by phosphorylating key regulators of mRNA translation and ribosome synthesis. This includes phosphorylation of EIF [...] 
MCL	19	Aquamarine 6	3	PREX1	9606.ENSP00000361009	Phosphatidylinositol 3,4,5-trisphosphate-dependent Rac exchanger 1 protein; Functions as a RAC guanine nucleotide exchange factor (GEF), which activates the Rac proteins by exchanging bound GDP for free GTP. Its activity is synergistically activated by phosphatidylinositol 3,4,5-trisphosphate and the beta gamma subunits of heterotrimeric G protein. May function downstream of heterotrimeric G proteins in neutrophils; PDZ domain containing
MCL	19	Aquamarine 6	3	SLC7A5	9606.ENSP00000261622	Large neutral amino acids transporter small subunit 1; Sodium-independent, high-affinity transport of large neutral amino acids such as phenylalanine, tyrosine, leucine, arginine and tryptophan, when associated with SLC3A2/4F2hc. Involved in cellular amino acid uptake. Acts as an amino acid exchanger. Involved in the transport of L-DOPA across the blood- brain barrier, and that of thyroid hormones triiodothyronine (T3) and thyroxine (T4) across the cell membrane in tissues such as placenta. Plays a role in neuronal cell proliferation (neurogenesis) in brain. Involved in the uptake of m [...] 
MCL	20	Aquamarine 4	3	CDH13	9606.ENSP00000268613	Cadherin-13; Cadherins are calcium-dependent cell adhesion proteins. They preferentially interact with themselves in a homophilic manner in connecting cells; cadherins may thus contribute to the sorting of heterogeneous cell types. May act as a negative regulator of neural cell growth
MCL	20	Aquamarine 4	3	CTNND2	9606.ENSP00000307134	Catenin delta-2; Has a critical role in neuronal development, particularly in the formation and/or maintenance of dendritic spines and synapses. Involved in the regulation of Wnt signaling. It probably acts on beta- catenin turnover, facilitating beta-catenin interaction with GSK3B, phosphorylation, ubiquitination and degradation (By similarity). Functions as a transcriptional activator when bound to ZBTB33 (By similarity). May be involved in neuronal cell adhesion and tissue morphogenesis and integrity by regulating adhesion molecules
MCL	20	Aquamarine 4	3	ERBB2IP	9606.ENSP00000426632	Erbin; Acts as an adapter for the receptor ERBB2, in epithelia. By binding the unphosphorylated 'Tyr-1248' of receptor ERBB2, it may contribute to stabilize this unphosphorylated state. Inhibits NOD2-dependent NF-kappa-B signaling and proinflammatory cytokine secretion; Belongs to the LAP (LRR and PDZ) protein family
MCL	21	Aquamarine 2	3	LMX1B	9606.ENSP00000347684	LIM homeobox transcription factor 1-beta; Essential for the specification of dorsal limb fate at both the zeugopodal and autopodal levels; LIM class homeoboxes
MCL	21	Aquamarine 2	3	SHOX	9606.ENSP00000370990	Short stature homeobox protein; Controls fundamental aspects of growth and development; Belongs to the paired homeobox family. Bicoid subfamily
MCL	21	Aquamarine 2	3	TRPC6	9606.ENSP00000340913	Short transient receptor potential channel 6; Thought to form a receptor-activated non-selective calcium permeant cation channel. Probably is operated by a phosphatidylinositol second messenger system activated by receptor tyrosine kinases or G-protein coupled receptors. Activated by diacylglycerol (DAG) in a membrane-delimited fashion, independently of protein kinase C. Seems not to be activated by intracellular calcium store depletion; Belongs to the transient receptor (TC 1.A.4) family. STrpC subfamily. TRPC6 sub-subfamily
MCL	22	Cyan	3	CNTN4	9606.ENSP00000380602	Contactin-4; Contactins mediate cell surface interactions during nervous system development. Has some neurite outgrowth-promoting activity. May be involved in synaptogenesis; Fibronectin type III domain containing
MCL	22	Cyan	3	CNTN5	9606.ENSP00000435637	Contactin-5; Contactins mediate cell surface interactions during nervous system development. Has some neurite outgrowth-promoting activity in the cerebral cortical neurons but not in hippocampal neurons. Probably involved in neuronal activity in the auditory system (By similarity); Fibronectin type III domain containing
MCL	22	Cyan	3	CNTNAP3	9606.ENSP00000297668	Contactin-associated protein-like 3; Contactin associated protein like 3
MCL	23	Aquamarine	3	CNTNAP4	9606.ENSP00000479811	Contactin-associated protein-like 4; Presynaptic protein involved in both dopaminergic synaptic transmission and GABAergic system, thereby participating in the structural maturation of inhibitory interneuron synapses. Involved in the dopaminergic synaptic transmission by attenuating dopamine release through a presynaptic mechanism. Also participates in the GABAergic system (By similarity)
MCL	23	Aquamarine	3	KIRREL3	9606.ENSP00000435466	Kin of IRRE-like protein 3; Synaptic adhesion molecule required for the formation of target-specific synapses. Required for formation of target- specific synapses at hippocampal mossy fiber synapses. Required for formation of mossy fiber filopodia, the synaptic structures connecting dentate granule and GABA neurons. Probably acts as a homophilic adhesion molecule that promotes trans-cellular interactions and stabilize mossy fiber filipodia contact and subsequent synapse formation. Required for the coalescence of vomeronasal sensory neuron axons. May be involved in the hematopoietic sup [...] 
MCL	23	Aquamarine	3	SORCS3	9606.ENSP00000358715	Sortilin related VPS10 domain containing receptor 3; Belongs to the VPS10-related sortilin family. SORCS subfamily
MCL	24	Aquamarine 3	3	CC2D1A	9606.ENSP00000313601	Coiled-coil and C2 domain-containing protein 1A; Transcription factor that binds specifically to the DRE (dual repressor element) and represses HTR1A gene transcription in neuronal cells. The combination of calcium and ATP specifically inactivates the binding with FRE. May play a role in the altered regulation of HTR1A associated with anxiety and major depression. Mediates HDAC-independent repression of HTR1A promoter in neuronal cell. Performs essential function in controlling functional maturation of synapses (By similarity). Plays distinct roles depending on its localization. When c [...] 
MCL	24	Aquamarine 3	3	CHMP1A	9606.ENSP00000380998	Charged multivesicular body protein 1a; Probable peripherally associated component of the endosomal sorting required for transport complex III (ESCRT-III) which is involved in multivesicular bodies (MVBs) formation and sorting of endosomal cargo proteins into MVBs. MVBs contain intraluminal vesicles (ILVs) that are generated by invagination and scission from the limiting membrane of the endosome and mostly are delivered to lysosomes enabling degradation of membrane proteins, such as stimulated growth factor receptors, lysosomal enzymes and lipids. The MVB pathway appears to require the [...] 
MCL	24	Aquamarine 3	3	TRAPPC9	9606.ENSP00000373979	Trafficking protein particle complex subunit 9; Functions as an activator of NF-kappa-B through increased phosphorylation of the IKK complex. May function in neuronal cells differentiation. May play a role in vesicular transport from endoplasmic reticulum to Golgi; Belongs to the NIBP family
MCL	25	Aquamarine 5	3	MYO5A	9606.ENSP00000382177	Unconventional myosin-Va; Processive actin-based motor that can move in large steps approximating the 36-nm pseudo-repeat of the actin filament. Involved in melanosome transport. Also mediates the transport of vesicles to the plasma membrane. May also be required for some polarization process involved in dendrite formation; Myosins, class V
MCL	25	Aquamarine 5	3	MYO9B	9606.ENSP00000471457	Unconventional myosin-IXb; Myosins are actin-based motor molecules with ATPase activity. Unconventional myosins serve in intracellular movements. Binds actin with high affinity both in the absence and presence of ATP and its mechanochemical activity is inhibited by calcium ions. Also acts as a GTPase activator for RHOA. Plays a role in the regulation of cell migration via its role as RHOA GTPase activator. This is regulated by its interaction with the SLIT2 receptor ROBO1; interaction with ROBO1 impairs interaction with RHOA and subsequent activation of RHOA GTPase activity, and thereb [...] 
MCL	25	Aquamarine 5	3	STXBP5	9606.ENSP00000321826	Syntaxin-binding protein 5; Plays a regulatory role in calcium-dependent exocytosis and neurotransmitter release. Inhibits membrane fusion between transport vesicles and the plasma membrane. May modulate the assembly of trans-SNARE complexes between transport vesicles and the plasma membrane. Inhibits translocation of GLUT4 from intracellular vesicles to the plasma membrane. Competes with STXBP1 for STX1 binding (By similarity); Belongs to the WD repeat L(2)GL family
MCL	26	Sky Blue 6	2	NFE2L3	9606.ENSP00000056233	Nuclear factor erythroid 2-related factor 3; Activates erythroid-specific, globin gene expression; Basic leucine zipper proteins
MCL	26	Sky Blue 6	2	P4HA2	9606.ENSP00000384999	Prolyl 4-hydroxylase subunit alpha-2; Catalyzes the post-translational formation of 4- hydroxyproline in -Xaa-Pro-Gly- sequences in collagens and other proteins
MCL	27	Sky Blue 4	2	CTTNBP2	9606.ENSP00000160373	Cortactin-binding protein 2; Regulates the dendritic spine distribution of CTTN/cortactin in hippocampal neurons, thus controls dendritic spinogenesis and dendritic spine maintenance; Ankyrin repeat domain containing
MCL	27	Sky Blue 4	2	MET	9606.ENSP00000317272	Hepatocyte growth factor receptor; Receptor tyrosine kinase that transduces signals from the extracellular matrix into the cytoplasm by binding to hepatocyte growth factor/HGF ligand. Regulates many physiological processes including proliferation, scattering, morphogenesis and survival. Ligand binding at the cell surface induces autophosphorylation of MET on its intracellular domain that provides docking sites for downstream signaling molecules. Following activation by ligand, interacts with the PI3-kinase subunit PIK3R1, PLCG1, SRC, GRB2, STAT3 or the adapter GAB1. Recruitment of thes [...] 
MCL	28	Sky Blue 2	2	RAB2A	9606.ENSP00000262646	Ras-related protein Rab-2A; Required for protein transport from the endoplasmic reticulum to the Golgi complex; RAB, member RAS oncogene GTPases
MCL	28	Sky Blue 2	2	RAB43	9606.ENSP00000319781	Ras-related protein Rab-43; The small GTPases Rab are key regulators of intracellular membrane trafficking, from the formation of transport vesicles to their fusion with membranes. Rabs cycle between an inactive GDP-bound form and an active GTP-bound form that is able to recruit to membranes different set of downstream effectors directly responsible for vesicle formation, movement, tethering and fusion. The low intrinsic GTPase activity of RAB43 is activated by USP6NL. Involved in retrograde transport from the endocytic pathway to the Golgi apparatus. Involved in the transport of Shiga [...] 
MCL	29	Sky Blue	2	PHRF1	9606.ENSP00000264555	PHD and RING finger domain-containing protein 1; Protein phosphatase 1 regulatory subunits; PHD finger proteins
MCL	29	Sky Blue	2	WDFY4	9606.ENSP00000320563	WD repeat- and FYVE domain-containing protein 4; Armadillo-like helical domain containing
MCL	30	Sky Blue 3	2	ACHE	9606.ENSP00000303211	Acetylcholinesterase; Terminates signal transduction at the neuromuscular junction by rapid hydrolysis of the acetylcholine released into the synaptic cleft. Role in neuronal apoptosis; Belongs to the type-B carboxylesterase/lipase family
MCL	30	Sky Blue 3	2	PON1	9606.ENSP00000222381	Serum paraoxonase/arylesterase 1; Hydrolyzes the toxic metabolites of a variety of organophosphorus insecticides. Capable of hydrolyzing a broad spectrum of organophosphate substrates and lactones, and a number of aromatic carboxylic acid esters. Mediates an enzymatic protection of low density lipoproteins against oxidative modification and the consequent series of events leading to atheroma formation; Belongs to the paraoxonase family
MCL	31	Sky Blue 5	2	CNKSR2	9606.ENSP00000368824	Connector enhancer of kinase suppressor of ras 2; May function as an adapter protein or regulator of Ras signaling pathways; Belongs to the CNKSR family
MCL	31	Sky Blue 5	2	ITGB3	9606.ENSP00000452786	Integrin beta-3; Integrin alpha-V/beta-3 (ITGAV:ITGB3) is a receptor for cytotactin, fibronectin, laminin, matrix metalloproteinase-2, osteopontin, osteomodulin, prothrombin, thrombospondin, vitronectin and von Willebrand factor. Integrin alpha-IIb/beta-3 (ITGA2B:ITGB3) is a receptor for fibronectin, fibrinogen, plasminogen, prothrombin, thrombospondin and vitronectin. Integrins alpha-IIb/beta-3 and alpha-V/beta-3 recognize the sequence R-G-D in a wide array of ligands. Integrin alpha- IIb/beta-3 recognizes the sequence H-H-L-G-G-G-A-K-Q-A-G-D-V in fibrinogen gamma chain. Following act [...] 
MCL	32	Cornflower Blue 4	2	CEP135	9606.ENSP00000257287	Centrosomal protein of 135 kDa; Centrosomal protein involved in centriole biogenesis. Acts as a scaffolding protein during early centriole biogenesis. Required for the targeting of centriole satellite proteins to centrosomes such as of PCM1, SSX2IP and CEP290 and recruitment of WRAP73 to centrioles. Also required for centriole-centriole cohesion during interphase by acting as a platform protein for CEP250 at the centriole; Belongs to the CEP135/TSGA10 family
MCL	32	Cornflower Blue 4	2	TBC1D31	9606.ENSP00000287380	TBC1 domain family member 31; WD repeat domain containing
MCL	33	Cornflower Blue 3	2	EFR3A	9606.ENSP00000254624	Protein EFR3 homolog A; Component of a complex required to localize phosphatidylinositol 4-kinase (PI4K) to the plasma membrane. The complex acts as a regulator of phosphatidylinositol 4-phosphate (PtdIns(4)P) synthesis (Probable). In the complex, EFR3A probably acts as the membrane-anchoring component. Also involved in responsiveness to G-protein-coupled receptors; it is however unclear whether this role is direct or indirect
MCL	33	Cornflower Blue 3	2	SLC35B1	9606.ENSP00000240333	Solute carrier family 35 member B1; Probable sugar transporter; Belongs to the nucleotide-sugar transporter family. SLC35B subfamily
MCL	34	Cornflower Blue	2	APBB1	9606.ENSP00000477213	Amyloid-beta A4 precursor protein-binding family B member 1; Transcription coregulator that can have both coactivator and corepressor functions. Adapter protein that forms a transcriptionally active complex with the gamma-secretase-derived amyloid precursor protein (APP) intracellular domain. Plays a central role in the response to DNA damage by translocating to the nucleus and inducing apoptosis. May act by specifically recognizing and binding histone H2AX phosphorylated on 'Tyr-142' (H2AXY142ph) at double-strand breaks (DSBs), recruiting other pro- apoptosis factors such as MAPK8/JNK [...] 
MCL	34	Cornflower Blue	2	LRP1	9606.ENSP00000243077	Prolow-density lipoprotein receptor-related protein 1; Endocytic receptor involved in endocytosis and in phagocytosis of apoptotic cells. Required for early embryonic development. Involved in cellular lipid homeostasis. Involved in the plasma clearance of chylomicron remnants and activated LRPAP1 (alpha 2-macroglobulin), as well as the local metabolism of complexes between plasminogen activators and their endogenous inhibitors. May modulate cellular events, such as APP metabolism, kinase-dependent intracellular signaling, neuronal calcium signaling as well as neurotransmission. Acts as [...] 
MCL	35	Blue	2	DLX3	9606.ENSP00000389870	Homeobox protein DLX-3; Likely to play a regulatory role in the development of the ventral forebrain. May play a role in craniofacial patterning and morphogenesis; Belongs to the distal-less homeobox family
MCL	35	Blue	2	GPC4	9606.ENSP00000359864	Glypican-4; Cell surface proteoglycan that bears heparan sulfate. May be involved in the development of kidney tubules and of the central nervous system (By similarity); Belongs to the glypican family
MCL	36	Cornflower Blue 2	2	RBM27	9606.ENSP00000265271	RNA-binding protein 27; RNA binding motif containing
MCL	36	Cornflower Blue 2	2	SCAF4	9606.ENSP00000286835	Splicing factor, arginine/serine-rich 15; May act to physically and functionally link transcription and pre-mRNA processing; Belongs to the splicing factor SR family
MCL	37	Medium Slate Blue 3	2	ASPM	9606.ENSP00000356379	Abnormal spindle-like microcephaly-associated protein; Involved in mitotic spindle regulation and coordination of mitotic processes. The function in regulating microtubule dynamics at spindle poles including spindle orientation, astral microtubule density and poleward microtubule flux seems to depend on the association with the katanin complex formed by KATNA1 and KATNB1. Enhances the microtubule lattice severing activity of KATNA1 by recruiting the katanin complex to microtubules. Can block microtubule minus-end growth and reversely this function can be enhanced by the katanin complex [...] 
MCL	37	Medium Slate Blue 3	2	KIF14	9606.ENSP00000356319	Kinesin-like protein KIF14; Microtubule motor protein that binds to microtubules with high affinity through each tubulin heterodimer and has an ATPase activity (By similarity). Plays a role in many processes like cell division, cytokinesis and also in cell proliferation and apoptosis. During cytokinesis, targets to central spindle and midbody through its interaction with PRC1 and CIT respectively. Regulates cell growth through regulation of cell cycle progression and cytokinesis. During cell cycle progression acts through SCF-dependent proteasomal ubiquitin-dependent protein catabolic  [...] 
MCL	38	Medium Slate Blue	2	ATP2B2	9606.ENSP00000353414	Plasma membrane calcium-transporting ATPase 2; This magnesium-dependent enzyme catalyzes the hydrolysis of ATP coupled with the transport of calcium out of the cell; ATPases Ca2+ transporting
MCL	38	Medium Slate Blue	2	CIB2	9606.ENSP00000258930	Calcium and integrin-binding family member 2; Calcium-binding protein critical for proper photoreceptor cell maintenance and function. Plays a role in intracellular calcium homeostasis by decreasing ATP-induced calcium release. May be involved in the mechanotransduction process (By similarity); Deafness associated genes
MCL	39	Purple	2	PRKCB	9606.ENSP00000305355	Protein kinase C beta type; Calcium-activated, phospholipid- and diacylglycerol (DAG)-dependent serine/threonine-protein kinase involved in various cellular processes such as regulation of the B-cell receptor (BCR) signalosome, oxidative stress-induced apoptosis, androgen receptor-dependent transcription regulation, insulin signaling and endothelial cells proliferation. Plays a key role in B-cell activation by regulating BCR-induced NF-kappa-B activation. Mediates the activation of the canonical NF-kappa-B pathway (NFKB1) by direct phosphorylation of CARD11/CARMA1 at 'Ser-559', 'Ser-64 [...] 
MCL	39	Purple	2	PRKD2	9606.ENSP00000393978	Serine/threonine-protein kinase D2; Serine/threonine-protein kinase that converts transient diacylglycerol (DAG) signals into prolonged physiological effects downstream of PKC, and is involved in the regulation of cell proliferation via MAPK1/3 (ERK1/2) signaling, oxidative stress- induced NF-kappa-B activation, inhibition of HDAC7 transcriptional repression, signaling downstream of T-cell antigen receptor (TCR) and cytokine production, and plays a role in Golgi membrane trafficking, angiogenesis, secretory granule release and cell adhesion. May potentiate mitogenesis induced by the ne [...] 
MCL	40	Medium Slate Blue 2	2	ASAP2	9606.ENSP00000281419	Arf-GAP with SH3 domain, ANK repeat and PH domain-containing protein 2; Activates the small GTPases ARF1, ARF5 and ARF6. Regulates the formation of post-Golgi vesicles and modulates constitutive secretion. Modulates phagocytosis mediated by Fc gamma receptor and ARF6. Modulates PXN recruitment to focal contacts and cell migration; Ankyrin repeat domain containing
MCL	40	Medium Slate Blue 2	2	ICA1	9606.ENSP00000385570	Islet cell autoantigen 1; May play a role in neurotransmitter secretion; Classical BAR domain containing
MCL	41	Medium Purple 2	2	OR52M1	9606.ENSP00000353343	Olfactory receptor 52M1; Odorant receptor; Olfactory receptors, family 52
MCL	41	Medium Purple 2	2	RALGAPB	9606.ENSP00000262879	Ral GTPase-activating protein subunit beta; Non-catalytic subunit of the heterodimeric RalGAP1 and RalGAP2 complexes which act as GTPase activators for the Ras-like small GTPases RALA and RALB; Armadillo-like helical domain containing
MCL	42	Medium Purple	2	CUX1	9606.ENSP00000353401	Homeobox protein cut-like 1; Probably has a broad role in mammalian development as a repressor of developmentally regulated gene expression. May act by preventing binding of positively-activing CCAAT factors to promoters. Component of nf-munr repressor; binds to the matrix attachment regions (MARs) (5' and 3') of the immunoglobulin heavy chain enhancer. Represses T-cell receptor (TCR) beta enhancer function by binding to MARbeta, an ATC-rich DNA sequence located upstream of the TCR beta enhancer. Binds to the TH enhancer; may require the basic helix-loop-helix protein TCF4 as a coactiv [...] 
MCL	42	Medium Purple	2	FGFR1	9606.ENSP00000393312	Fibroblast growth factor receptor 1; Tyrosine-protein kinase that acts as cell-surface receptor for fibroblast growth factors and plays an essential role in the regulation of embryonic development, cell proliferation, differentiation and migration. Required for normal mesoderm patterning and correct axial organization during embryonic development, normal skeletogenesis and normal development of the gonadotropin-releasing hormone (GnRH) neuronal system. Phosphorylates PLCG1, FRS2, GAB1 and SHB. Ligand binding leads to the activation of several signaling cascades. Activation of PLCG1 lea [...] 
MCL	43	Medium Purple 3	2	NCOR1	9606.ENSP00000268712	Nuclear receptor corepressor 1; Mediates transcriptional repression by certain nuclear receptors. Part of a complex which promotes histone deacetylation and the formation of repressive chromatin structures which may impede the access of basal transcription factors. Participates in the transcriptional repressor activity produced by BCL6
MCL	43	Medium Purple 3	2	SPEN	9606.ENSP00000364912	Msx2-interacting protein; May serve as a nuclear matrix platform that organizes and integrates transcriptional responses. In osteoblasts, supports transcription activation: synergizes with RUNX2 to enhance FGFR2- mediated activation of the osteocalcin FGF-responsive element (OCFRE) (By similarity). Has also been shown to be an essential corepressor protein, which probably regulates different key pathways such as the Notch pathway. Negative regulator of the Notch pathway via its interaction with RBPSUH, which prevents the association between NOTCH1 and RBPSUH, and therefore suppresses t [...] 
MCL	44	Medium Purple 4	2	INTS6	9606.ENSP00000310260	Integrator complex subunit 6; Component of the Integrator (INT) complex, a complex involved in the small nuclear RNAs (snRNA) U1 and U2 transcription and in their 3'-box-dependent processing. The Integrator complex is associated with the C-terminal domain (CTD) of RNA polymerase II largest subunit (POLR2A) and is recruited to the U1 and U2 snRNAs genes (Probable). Mediates recruitment of cytoplasmic dynein to the nuclear envelope, probably as component of the INT complex. May have a tumor suppressor role; an ectopic expression suppressing tumor cell growth
MCL	44	Medium Purple 4	2	TAF6	9606.ENSP00000399982	Transcription initiation factor TFIID subunit 6; TAFs are components of the transcription factor IID (TFIID) complex, PCAF histone acetylase complex and TBP-free TAFII complex (TFTC). TIIFD is multimeric protein complex that plays a central role in mediating promoter responses to various activators and repressors; Belongs to the TAF6 family
MCL	45	Medium Purple 5	2	ILF2	9606.ENSP00000355011	Interleukin enhancer-binding factor 2; Appears to function predominantly as a heterodimeric complex with ILF3. This complex may regulate transcription of the IL2 gene during T-cell activation. It can also promote the formation of stable DNA-dependent protein kinase holoenzyme complexes on DNA. Essential for the efficient reshuttling of ILF3 (isoform 1 and isoform 2) into the nucleus
MCL	45	Medium Purple 5	2	SAE1	9606.ENSP00000270225	SUMO-activating enzyme subunit 1; The heterodimer acts as an E1 ligase for SUMO1, SUMO2, SUMO3, and probably SUMO4. It mediates ATP-dependent activation of SUMO proteins followed by formation of a thioester bond between a SUMO protein and a conserved active site cysteine residue on UBA2/SAE2; Ubiquitin like modifier activating enzymes
MCL	46	Orchid 7	2	ATP10A	9606.ENSP00000349325	Probable phospholipid-transporting ATPase VA; Catalytic component of a P4-ATPase flippase complex which catalyzes the hydrolysis of ATP coupled to the transport of aminophospholipids from the outer to the inner leaflet of various membranes and ensures the maintenance of asymmetric distribution of phospholipids. Phospholipid translocation seems also to be implicated in vesicle formation and in uptake of lipid signaling molecules (Probable)
MCL	46	Orchid 7	2	CYFIP1	9606.ENSP00000481038	Cytoplasmic FMR1-interacting protein 1; Component of the CYFIP1-EIF4E-FMR1 complex which binds to the mRNA cap and mediates translational repression. In the CYFIP1-EIF4E-FMR1 complex this subunit is an adapter between EIF4E and FMR1. Promotes the translation repression activity of FMR1 in brain probably by mediating its association with EIF4E and mRNA (By similarity). Regulates formation of membrane ruffles and lamellipodia. Plays a role in axon outgrowth. Binds to F-actin but not to RNA. Part of the WAVE complex that regulates actin filament reorganization via its interaction with the [...] 
MCL	47	Orchid 6	2	DDHD2	9606.ENSP00000380352	Phospholipase DDHD2; Phospholipase that hydrolyzes preferentially phosphatidic acid, including 1,2-dioleoyl-sn-phosphatidic acid, and phosphatidylethanolamine. Specifically binds to phosphatidylinositol 3-phosphate (PI(3)P), phosphatidylinositol 4- phosphate (PI(4)P), phosphatidylinositol 5-phosphate (PI(5)P) and possibly phosphatidylinositol 4,5-bisphosphate (PI(4,5)P2). May be involved in the maintenance of the endoplasmic reticulum and/or Golgi structures. May regulate the transport between Golgi apparatus and plasma membrane; Sterile alpha motif domain containing
MCL	47	Orchid 6	2	NUDCD2	9606.ENSP00000304854	NudC domain-containing protein 2; May regulate the LIS1/dynein pathway by stabilizing LIS1 with Hsp90 chaperone; NudC family
MCL	48	Orchid 5	2	KCNJ10	9606.ENSP00000357068	ATP-sensitive inward rectifier potassium channel 10; May be responsible for potassium buffering action of glial cells in the brain. Inward rectifier potassium channels are characterized by a greater tendency to allow potassium to flow into the cell rather than out of it. Their voltage dependence is regulated by the concentration of extracellular potassium; as external potassium is raised, the voltage range of the channel opening shifts to more positive voltages. The inward rectification is mainly due to the blockage of outward current by internal magnesium. Can be blocked by extracellu [...] 
MCL	48	Orchid 5	2	KCNQ2	9606.ENSP00000352035	Potassium voltage-gated channel subfamily KQT member 2; Associates with KCNQ3 to form a potassium channel with essentially identical properties to the channel underlying the native M-current, a slowly activating and deactivating potassium conductance which plays a critical role in determining the subthreshold electrical excitability of neurons as well as the responsiveness to synaptic inputs. Therefore, it is important in the regulation of neuronal excitability. KCNQ2/KCNQ3 current is blocked by linopirdine and XE991, and activated by the anticonvulsant retigabine. As the native M-chan [...] 
MCL	49	Orchid 3	2	PARD3B	9606.ENSP00000351618	Partitioning defective 3 homolog B; Putative adapter protein involved in asymmetrical cell division and cell polarization processes. May play a role in the formation of epithelial tight junctions; Belongs to the PAR3 family
MCL	49	Orchid 3	2	SBF1	9606.ENSP00000370196	Myotubularin-related protein 5; Probable pseudophosphatase. Lacks several amino acids in the catalytic pocket which renders it catalytically inactive as a phosphatase. The pocket is however sufficiently preserved to bind phosphorylated substrates, and maybe protect them from phosphatases. Inhibits myoblast differentiation in vitro and induces oncogenic transformation in fibroblasts. According to PubMed:20937701, may function as a guanine nucleotide exchange factor (GEF) activating RAB28. Promotes the exchange of GDP to GTP, converting inactive GDP-bound Rab proteins into their active G [...] 
MCL	50	Violet 4	2	CNOT1	9606.ENSP00000320949	CCR4-NOT transcription complex subunit 1; Scaffolding component of the CCR4-NOT complex which is one of the major cellular mRNA deadenylases and is linked to various cellular processes including bulk mRNA degradation, miRNA- mediated repression, translational repression during translational initiation and general transcription regulation. Additional complex functions may be a consequence of its influence on mRNA expression. Its scaffolding function implies its interaction with the catalytic complex module and diverse RNA-binding proteins mediating the complex recruitment to selected mR [...] 
MCL	50	Violet 4	2	QRICH1	9606.ENSP00000378830	Glutamine-rich protein 1; Glutamine rich 1
MCL	51	Violet 2	2	APH1A	9606.ENSP00000358105	Gamma-secretase subunit APH-1A; Non-catalytic subunit of the gamma-secretase complex, an endoprotease complex that catalyzes the intramembrane cleavage of integral membrane proteins such as Notch receptors and APP (amyloid-beta precursor protein). Required for normal gamma- secretase assembly. The gamma-secretase complex plays a role in Notch and Wnt signaling cascades and regulation of downstream processes via its role in processing key regulatory proteins, and by regulating cytosolic CTNNB1 levels (Probable); Belongs to the APH-1 family
MCL	51	Violet 2	2	CNTN6	9606.ENSP00000407822	Contactin-6; Contactins mediate cell surface interactions during nervous system development. Participates in oligodendrocytes generation by acting as a ligand of NOTCH1. Its association with NOTCH1 promotes NOTCH1 activation through the released notch intracellular domain (NICD) and subsequent translocation to the nucleus. Involved in motor coordination (By similarity); Belongs to the immunoglobulin superfamily. Contactin family
MCL	52	Violet	1	MACROD2	9606.ENSP00000217246	O-acetyl-ADP-ribose deacetylase MACROD2; Removes ADP-ribose from glutamate residues in proteins bearing a single ADP-ribose moiety. Inactive towards proteins bearing poly-ADP-ribose. Deacetylates O-acetyl-ADP ribose, a signaling molecule generated by the deacetylation of acetylated lysine residues in histones and other proteins
MCL	53	Violet 3	1	CNTNAP2	9606.ENSP00000354778	Contactin-associated protein-like 2; Required, with CNTNAP1, for radial and longitudinal organization of myelinated axons. Plays a role in the formation of functional distinct domains critical for saltatory conduction of nerve impulses in myelinated nerve fibers. Demarcates the juxtaparanodal region of the axo-glial junction; Belongs to the neurexin family
MCL	54	Orchid	1	WWOX	9606.ENSP00000457230	WW domain-containing oxidoreductase; Putative oxidoreductase. Acts as a tumor suppressor and plays a role in apoptosis. Required for normal bone development (By similarity). May function synergistically with p53/TP53 to control genotoxic stress-induced cell death. Plays a role in TGFB1 signaling and TGFB1-mediated cell death. May also play a role in tumor necrosis factor (TNF)-mediated cell death. Inhibits Wnt signaling, probably by sequestering DVL2 in the cytoplasm; Short chain dehydrogenase/reductase superfamily
MCL	55	Orchid 2	1	PAK2	9606.ENSP00000314067	Serine/threonine-protein kinase PAK 2; Serine/threonine protein kinase that plays a role in a variety of different signaling pathways including cytoskeleton regulation, cell motility, cell cycle progression, apoptosis or proliferation. Acts as downstream effector of the small GTPases CDC42 and RAC1. Activation by the binding of active CDC42 and RAC1 results in a conformational change and a subsequent autophosphorylation on several serine and/or threonine residues. Full-length PAK2 stimulates cell survival and cell growth. Phosphorylates MAPK4 and MAPK6 and activates the downstream targ [...] 
MCL	56	Orchid 4	1	ZC3H4	9606.ENSP00000253048	Zinc finger CCCH domain-containing protein 4; Armadillo-like helical domain containing
MCL	57	Hot Pink 3	1	SCN9A	9606.ENSP00000386306	Sodium channel protein type 9 subunit alpha; Mediates the voltage-dependent sodium ion permeability of excitable membranes. Assuming opened or closed conformations in response to the voltage difference across the membrane, the protein forms a sodium-selective channel through which Na(+) ions may pass in accordance with their electrochemical gradient. It is a tetrodotoxin-sensitive Na(+) channel isoform. Plays a role in pain mechanisms, especially in the development of inflammatory pain; Sodium voltage-gated channel alpha subunits
MCL	58	Hot Pink	1	SMAD4	9606.ENSP00000341551	Mothers against decapentaplegic homolog 4; In muscle physiology, plays a central role in the balance between atrophy and hypertrophy. When recruited by MSTN, promotes atrophy response via phosphorylated SMAD2/4. MSTN decrease causes SMAD4 release and subsequent recruitment by the BMP pathway to promote hypertrophy via phosphorylated SMAD1/5/8. Acts synergistically with SMAD1 and YY1 in bone morphogenetic protein (BMP)-mediated cardiac-specific gene expression. Binds to SMAD binding elements (SBEs) (5'-GTCT/AGAC-3') within BMP response element (BMPRE) of cardiac activating regions (By s [...] 
MCL	59	Hot Pink 2	1	SLC6A3	9606.ENSP00000270349	Sodium-dependent dopamine transporter; Amine transporter. Terminates the action of dopamine by its high affinity sodium-dependent reuptake into presynaptic terminals; Solute carriers
MCL	60	Pale Violet Red 2	1	PLCB1	9606.ENSP00000338185	1-phosphatidylinositol 4,5-bisphosphate phosphodiesterase beta-1; The production of the second messenger molecules diacylglycerol (DAG) and inositol 1,4,5-trisphosphate (IP3) is mediated by activated phosphatidylinositol-specific phospholipase C enzymes; C2 domain containing phospholipases
MCL	61	Pale Violet Red	1	GABRG3	9606.ENSP00000479113	Gamma-aminobutyric acid receptor subunit gamma-3; GABA, the major inhibitory neurotransmitter in the vertebrate brain, mediates neuronal inhibition by binding to the GABA/benzodiazepine receptor and opening an integral chloride channel; Belongs to the ligand-gated ion channel (TC 1.A.9) family. Gamma-aminobutyric acid receptor (TC 1.A.9.5) subfamily. GABRG3 sub-subfamily
MCL	62	Pink	1	DOCK8	9606.ENSP00000394888	Dedicator of cytokinesis protein 8; Guanine nucleotide exchange factor (GEF) which specifically activates small GTPase CDC42 by exchanging bound GDP for free GTP. During immune responses, required for interstitial dendritic cell (DC) migration by locally activating CDC42 at the leading edge membrane of DC (By similarity). Required for CD4(+) T-cell migration in response to chemokine stimulation by promoting CDC42 activation at T cell leading edge membrane. Is involved in NK cell cytotoxicity by controlling polarization of microtubule-organizing center (MTOC), and possibly regulating CC [...] 
MCL	63	Light Coral 2	1	MYH10	9606.ENSP00000353590	Myosin-10; Cellular myosin that appears to play a role in cytokinesis, cell shape, and specialized functions such as secretion and capping. Involved with LARP6 in the stabilization of type I collagen mRNAs for CO1A1 and CO1A2. During cell spreading, plays an important role in cytoskeleton reorganization, focal contacts formation (in the central part but not the margins of spreading cells), and lamellipodial extension; this function is mechanically antagonized by MYH9; Belongs to the TRAFAC class myosin-kinesin ATPase superfamily. Myosin family
MCL	64	Light Coral	1	OPHN1	9606.ENSP00000347710	Oligophrenin-1; Stimulates GTP hydrolysis of members of the Rho family. Its action on RHOA activity and signaling is implicated in growth and stabilization of dendritic spines, and therefore in synaptic function. Critical for the stabilization of AMPA receptors at postsynaptic sites. Critical for the regulation of synaptic vesicle endocytosis at presynaptic terminals. Required for the localization of NR1D1 to dendrites, can suppress its repressor activity and protect it from proteasomal degradation (By similarity); BAR-PH domain containing
